Workbook

Sheet DHIS2_Raw_Data
A1: Period | B1: Year | C1: Quarter | D1: District | E1: Region | F1: Target_Children | G1: OPV0_Doses | H1: OPV1_Doses | I1: OPV2_Doses | J1: OPV3_Doses | K1: AFP_Cases | L1: Zero_Dose_Children
A2: 2018Q1 | B2: 2018 | C2: 1 | D2: Accra Metro | E2: Greater Accra | F2: 17814 | G2: 14515 | H2: 13991 | I2: 13387 | J2: 12332 | K2: 4 | L2: 1984
A3: 2018Q1 | B3: 2018 | C3: 1 | D3: Kumasi Metro | E3: Ashanti | F3: 14789 | G3: 11513 | H3: 11054 | I3: 10299 | J3: 9421 | K3: 3 | L3: 1255
A4: 2018Q1 | B4: 2018 | C4: 1 | D4: Tamale Metro | E4: Northern | F4: 11258 | G4: 6976 | H4: 6753 | I4: 6507 | J4: 6012 | K4: 5 | L4: 594
A5: 2018Q2 | B5: 2018 | C5: 2 | D5: Accra Metro | E5: Greater Accra | F5: 18132 | G5: 16983 | H5: 15873 | I5: 14871 | J5: 14245 | K5: 4 | L5: 865
A6: 2018Q2 | B6: 2018 | C6: 2 | D6: Kumasi Metro | E6: Ashanti | F6: 15052 | G6: 12346 | H6: 12083 | I6: 11441 | J6: 10829 | K6: 2 | L6: 1057
A7: 2018Q2 | B7: 2018 | C7: 2 | D7: Tamale Metro | E7: Northern | F7: 11265 | G7: 8427 | H7: 7919 | I7: 7429 | J7: 7090 | K7: 6 | L7: 513
A8: 2018Q3 | B8: 2018 | C8: 3 | D8: Accra Metro | E8: Greater Accra | F8: 17933 | G8: 17031 | H8: 16163 | I8: 15571 | J8: 14836 | K8: 1 | L8: 1367
A9: 2018Q3 | B9: 2018 | C9: 3 | D9: Kumasi Metro | E9: Ashanti | F9: 15073 | G9: 13410 | H9: 12930 | I9: 12350 | J9: 11653 | K9: 4 | L9: 689
A10: 2018Q3 | B10: 2018 | C10: 3 | D10: Tamale Metro | E10: Northern | F10: 10875 | G10: 8384 | H10: 8186 | I10: 7642 | J10: 7131 | K10: 5 | L10: 1033
A11: 2018Q4 | B11: 2018 | C11: 4 | D11: Accra Metro | E11: Greater Accra | F11: 17924 | G11: 15733 | H11: 14657 | I11: 13653 | J11: 12954 | K11: 1 | L11: 1169
A12: 2018Q4 | B12: 2018 | C12: 4 | D12: Kumasi Metro | E12: Ashanti | F12: 14974 | G12: 12504 | H12: 11762 | I12: 11244 | J12: 10551 | K12: 4 | L12: 1196
A13: 2018Q4 | B13: 2018 | C13: 4 | D13: Tamale Metro | E13: Northern | F13: 11169 | G13: 7727 | H13: 7475 | I13: 7079 | J13: 6706 | K13: 5 | L13: 829
... A85: 2024Q4 | B85: 2024 | C85: 4 | D85: Tamale Metro | E85: Northern | F85: 11966 | G85: 11715 | H85: 11379 | I85: 10734 | J85: 10184 | K85: 3 | L85: 1045

Sheet Coverage_Trends
A1: OPV3 COVERAGE TREND – GHANA THREE DISTRICTS (2018–2024)
A2: Source: DHIS2 | Accra Metro · Kumasi Metro · Tamale Metro
A4: Period | B4: Accra Metro | C4: Kumasi Metro | D4: Tamale Metro
A5: 2018Q1 | B5: =DHIS2_Raw_Data!J2/DHIS2_Raw_Data!F2 -> 0.69226451 | C5: =DHIS2_Raw_Data!J3/DHIS2_Raw_Data!F3 -> 0.63702752 | D5: =DHIS2_Raw_Data!J4/DHIS2_Raw_Data!F4 -> 0.53402025
A6: 2018Q2 | B6: =DHIS2_Raw_Data!J5/DHIS2_Raw_Data!F5 -> 0.78562762 | C6: =DHIS2_Raw_Data!J6/DHIS2_Raw_Data!F6 -> 0.71943928 | D6: =DHIS2_Raw_Data!J7/DHIS2_Raw_Data!F7 -> 0.62938304
A7: 2018Q3 | B7: =DHIS2_Raw_Data!J8/DHIS2_Raw_Data!F8 -> 0.82730162 | C7: =DHIS2_Raw_Data!J9/DHIS2_Raw_Data!F9 -> 0.77310423 | D7: =DHIS2_Raw_Data!J10/DHIS2_Raw_Data!F10 -> 0.65572414
A8: 2018Q4 | B8: =DHIS2_Raw_Data!J11/DHIS2_Raw_Data!F11 -> 0.72271814 | C8: =DHIS2_Raw_Data!J12/DHIS2_Raw_Data!F12 -> 0.70462134 | D8: =DHIS2_Raw_Data!J13/DHIS2_Raw_Data!F13 -> 0.60041185
A9: 2019Q1 | B9: =DHIS2_Raw_Data!J14/DHIS2_Raw_Data!F14 -> 0.71040017 | C9: =DHIS2_Raw_Data!J15/DHIS2_Raw_Data!F15 -> 0.6707236 | D9: =DHIS2_Raw_Data!J16/DHIS2_Raw_Data!F16 -> 0.55981663
A10: 2019Q2 | B10: =DHIS2_Raw_Data!J17/DHIS2_Raw_Data!F17 -> 0.82747449 | C10: =DHIS2_Raw_Data!J18/DHIS2_Raw_Data!F18 -> 0.7901007 | D10: =DHIS2_Raw_Data!J19/DHIS2_Raw_Data!F19 -> 0.67890714
A11: 2019Q3 | B11: =DHIS2_Raw_Data!J20/DHIS2_Raw_Data!F20 -> 0.84852532 | C11: =DHIS2_Raw_Data!J21/DHIS2_Raw_Data!F21 -> 0.82398312 | D11: =DHIS2_Raw_Data!J22/DHIS2_Raw_Data!F22 -> 0.71776668
A12: 2019Q4 | B12: =DHIS2_Raw_Data!J23/DHIS2_Raw_Data!F23 -> 0.79122969 | C12: =DHIS2_Raw_Data!J24/DHIS2_Raw_Data!F24 -> 0.69737358 | D12: =DHIS2_Raw_Data!J25/DHIS2_Raw_Data!F25 -> 0.64095864
A13: 2020Q1 | B13: =DHIS2_Raw_Data!J26/DHIS2_Raw_Data!F26 -> 0.75713209 | C13: =DHIS2_Raw_Data!J27/DHIS2_Raw_Data!F27 -> 0.68723783 | D13: =DHIS2_Raw_Data!J28/DHIS2_Raw_Data!F28 -> 0.62192767
A14: 2020Q2 | B14: =DHIS2_Raw_Data!J29/DHIS2_Raw_Data!F29 -> 0.86210594 | C14: =DHIS2_Raw_Data!J30/DHIS2_Raw_Data!F30 -> 0.79891765 | D14: =DHIS2_Raw_Data!J31/DHIS2_Raw_Data!F31 -> 0.72592726
A15: 2020Q3 | B15: =DHIS2_Raw_Data!J32/DHIS2_Raw_Data!F32 -> 0.8906518 | C15: =DHIS2_Raw_Data!J33/DHIS2_Raw_Data!F33 -> 0.85189028 | D15: =DHIS2_Raw_Data!J34/DHIS2_Raw_Data!F34 -> 0.7750694
A16: 2020Q4 | B16: =DHIS2_Raw_Data!J35/DHIS2_Raw_Data!F35 -> 0.81221991 | C16: =DHIS2_Raw_Data!J36/DHIS2_Raw_Data!F36 -> 0.74250326 | D16: =DHIS2_Raw_Data!J37/DHIS2_Raw_Data!F37 -> 0.67458269
A17: 2021Q1 | B17: =DHIS2_Raw_Data!J38/DHIS2_Raw_Data!F38 -> 0.7782467 | C17: =DHIS2_Raw_Data!J39/DHIS2_Raw_Data!F39 -> 0.73750647 | D17: =DHIS2_Raw_Data!J40/DHIS2_Raw_Data!F40 -> 0.69788173
A18: 2021Q2 | B18: =DHIS2_Raw_Data!J41/DHIS2_Raw_Data!F41 -> 0.87454169 | C18: =DHIS2_Raw_Data!J42/DHIS2_Raw_Data!F42 -> 0.83837209 | D18: =DHIS2_Raw_Data!J43/DHIS2_Raw_Data!F43 -> 0.78361087
A19: 2021Q3 | B19: =DHIS2_Raw_Data!J44/DHIS2_Raw_Data!F44 -> 0.94989764 | C19: =DHIS2_Raw_Data!J45/DHIS2_Raw_Data!F45 -> 0.87137195 | D19: =DHIS2_Raw_Data!J46/DHIS2_Raw_Data!F46 -> 0.79721512
A20: 2021Q4 | B20: =DHIS2_Raw_Data!J47/DHIS2_Raw_Data!F47 -> 0.84037736 | C20: =DHIS2_Raw_Data!J48/DHIS2_Raw_Data!F48 -> 0.78581381 | D20: =DHIS2_Raw_Data!J49/DHIS2_Raw_Data!F49 -> 0.73523207
A21: 2022Q1 | B21: =DHIS2_Raw_Data!J50/DHIS2_Raw_Data!F50 -> 0.81396448 | C21: =DHIS2_Raw_Data!J51/DHIS2_Raw_Data!F51 -> 0.73778856 | D21: =DHIS2_Raw_Data!J52/DHIS2_Raw_Data!F52 -> 0.74023186
A22: 2022Q2 | B22: =DHIS2_Raw_Data!J53/DHIS2_Raw_Data!F53 -> 0.93931398 | C22: =DHIS2_Raw_Data!J54/DHIS2_Raw_Data!F54 -> 0.87403287 | D22: =DHIS2_Raw_Data!J55/DHIS2_Raw_Data!F55 -> 0.84235154
A23: 2022Q3 | B23: =DHIS2_Raw_Data!J56/DHIS2_Raw_Data!F56 -> 0.97413203 | C23: =DHIS2_Raw_Data!J57/DHIS2_Raw_Data!F57 -> 0.877161 | D23: =DHIS2_Raw_Data!J58/DHIS2_Raw_Data!F58 -> 0.86023153
A24: 2022Q4 | B24: =DHIS2_Raw_Data!J59/DHIS2_Raw_Data!F59 -> 0.87322393 | C24: =DHIS2_Raw_Data!J60/DHIS2_Raw_Data!F60 -> 0.77144452 | D24: =DHIS2_Raw_Data!J61/DHIS2_Raw_Data!F61 -> 0.80235837
A25: 2023Q1 | B25: =DHIS2_Raw_Data!J62/DHIS2_Raw_Data!F62 -> 0.84955752 | C25: =DHIS2_Raw_Data!J63/DHIS2_Raw_Data!F63 -> 0.77521218 | D25: =DHIS2_Raw_Data!J64/DHIS2_Raw_Data!F64 -> 0.76680419
A26: 2023Q2 | B26: =DHIS2_Raw_Data!J65/DHIS2_Raw_Data!F65 -> 0.95676437 | C26: =DHIS2_Raw_Data!J66/DHIS2_Raw_Data!F66 -> 0.87983782 | D26: =DHIS2_Raw_Data!J67/DHIS2_Raw_Data!F67 -> 0.86612272
A27: 2023Q3 | B27: =DHIS2_Raw_Data!J68/DHIS2_Raw_Data!F68 -> 1.0154452 | C27: =DHIS2_Raw_Data!J69/DHIS2_Raw_Data!F69 -> 0.93617688 | D27: =DHIS2_Raw_Data!J70/DHIS2_Raw_Data!F70 -> 0.91684719
A28: 2023Q4 | B28: =DHIS2_Raw_Data!J71/DHIS2_Raw_Data!F71 -> 0.9015734 | C28: =DHIS2_Raw_Data!J72/DHIS2_Raw_Data!F72 -> 0.8060785 | D28: =DHIS2_Raw_Data!J73/DHIS2_Raw_Data!F73 -> 0.83471968
A29: 2024Q1 | B29: =DHIS2_Raw_Data!J74/DHIS2_Raw_Data!F74 -> 0.87398458 | C29: =DHIS2_Raw_Data!J75/DHIS2_Raw_Data!F75 -> 0.81307618 | D29: =DHIS2_Raw_Data!J76/DHIS2_Raw_Data!F76 -> 0.804769
A30: 2024Q2 | B30: =DHIS2_Raw_Data!J77/DHIS2_Raw_Data!F77 -> 0.99747071 | C30: =DHIS2_Raw_Data!J78/DHIS2_Raw_Data!F78 -> 0.92737533 | D30: =DHIS2_Raw_Data!J79/DHIS2_Raw_Data!F79 -> 0.92705448
A31: 2024Q3 | B31: =DHIS2_Raw_Data!J80/DHIS2_Raw_Data!F80 -> 1.025966 | C31: =DHIS2_Raw_Data!J81/DHIS2_Raw_Data!F81 -> 0.96919057 | D31: =DHIS2_Raw_Data!J82/DHIS2_Raw_Data!F82 -> 0.9865811
A32: 2024Q4 | B32: =DHIS2_Raw_Data!J83/DHIS2_Raw_Data!F83 -> 0.90246989 | C32: =DHIS2_Raw_Data!J84/DHIS2_Raw_Data!F84 -> 0.86830777 | D32: =DHIS2_Raw_Data!J85/DHIS2_Raw_Data!F85 -> 0.85107805
A34: Average Coverage: | B34: =AVERAGE(B5:B32) -> 0.86052074 | C34: =AVERAGE(C5:C32) -> 0.79877389 | D34: =AVERAGE(D5:D32) -> 0.75098517
A35: Min Coverage: | B35: =MIN(B5:B32) -> 0.69226451 | C35: =MIN(C5:C32) -> 0.63702752 | D35: =MIN(D5:D32) -> 0.53402025
A36: Max Coverage: | B36: =MAX(B5:B32) -> 1.025966 | C36: =MAX(C5:C32) -> 0.96919057 | D36: =MAX(D5:D32) -> 0.9865811

Sheet AFP_Surveillance
A1: AFP CASE SURVEILLANCE – THREE DISTRICTS (2018–2024)
A3: Period | B3: Accra AFP | C3: Kumasi AFP | D3: Tamale AFP | E3: 3-District Total
A4: 2018Q1 | B4: =DHIS2_Raw_Data!K2 -> 4 | C4: =DHIS2_Raw_Data!K3 -> 3 | D4: =DHIS2_Raw_Data!K4 -> 5 | E4: =B4+C4+D4 -> 12
A5: 2018Q2 | B5: =DHIS2_Raw_Data!K5 -> 4 | C5: =DHIS2_Raw_Data!K6 -> 2 | D5: =DHIS2_Raw_Data!K7 -> 6 | E5: =B5+C5+D5 -> 12
A6: 2018Q3 | B6: =DHIS2_Raw_Data!K8 -> 1 | C6: =DHIS2_Raw_Data!K9 -> 4 | D6: =DHIS2_Raw_Data!K10 -> 5 | E6: =B6+C6+D6 -> 10
A7: 2018Q4 | B7: =DHIS2_Raw_Data!K11 -> 1 | C7: =DHIS2_Raw_Data!K12 -> 4 | D7: =DHIS2_Raw_Data!K13 -> 5 | E7: =B7+C7+D7 -> 10
A8: 2019Q1 | B8: =DHIS2_Raw_Data!K14 -> 4 | C8: =DHIS2_Raw_Data!K15 -> 3 | D8: =DHIS2_Raw_Data!K16 -> 4 | E8: =B8+C8+D8 -> 11
A9: 2019Q2 | B9: =DHIS2_Raw_Data!K17 -> 2 | C9: =DHIS2_Raw_Data!K18 -> 3 | D9: =DHIS2_Raw_Data!K19 -> 4 | E9: =B9+C9+D9 -> 9
A10: 2019Q3 | B10: =DHIS2_Raw_Data!K20 -> 3 | C10: =DHIS2_Raw_Data!K21 -> 4 | D10: =DHIS2_Raw_Data!K22 -> 4 | E10: =B10+C10+D10 -> 11
A11: 2019Q4 | B11: =DHIS2_Raw_Data!K23 -> 3 | C11: =DHIS2_Raw_Data!K24 -> 3 | D11: =DHIS2_Raw_Data!K25 -> 4 | E11: =B11+C11+D11 -> 10
A12: 2020Q1 | B12: =DHIS2_Raw_Data!K26 -> 4 | C12: =DHIS2_Raw_Data!K27 -> 2 | D12: =DHIS2_Raw_Data!K28 -> 5 | E12: =B12+C12+D12 -> 11
A13: 2020Q2 | B13: =DHIS2_Raw_Data!K29 -> 2 | C13: =DHIS2_Raw_Data!K30 -> 4 | D13: =DHIS2_Raw_Data!K31 -> 4 | E13: =B13+C13+D13 -> 10
A14: 2020Q3 | B14: =DHIS2_Raw_Data!K32 -> 4 | C14: =DHIS2_Raw_Data!K33 -> 2 | D14: =DHIS2_Raw_Data!K34 -> 6 | E14: =B14+C14+D14 -> 12
A15: 2020Q4 | B15: =DHIS2_Raw_Data!K35 -> 4 | C15: =DHIS2_Raw_Data!K36 -> 3 | D15: =DHIS2_Raw_Data!K37 -> 3 | E15: =B15+C15+D15 -> 10
A16: 2021Q1 | B16: =DHIS2_Raw_Data!K38 -> 2 | C16: =DHIS2_Raw_Data!K39 -> 3 | D16: =DHIS2_Raw_Data!K40 -> 3 | E16: =B16+C16+D16 -> 8
A17: 2021Q2 | B17: =DHIS2_Raw_Data!K41 -> 2 | C17: =DHIS2_Raw_Data!K42 -> 3 | D17: =DHIS2_Raw_Data!K43 -> 4 | E17: =B17+C17+D17 -> 9
A18: 2021Q3 | B18: =DHIS2_Raw_Data!K44 -> 5 | C18: =DHIS2_Raw_Data!K45 -> 4 | D18: =DHIS2_Raw_Data!K46 -> 4 | E18: =B18+C18+D18 -> 13
A19: 2021Q4 | B19: =DHIS2_Raw_Data!K47 -> 3 | C19: =DHIS2_Raw_Data!K48 -> 2 | D19: =DHIS2_Raw_Data!K49 -> 4 | E19: =B19+C19+D19 -> 9
A20: 2022Q1 | B20: =DHIS2_Raw_Data!K50 -> 5 | C20: =DHIS2_Raw_Data!K51 -> 5 | D20: =DHIS2_Raw_Data!K52 -> 2 | E20: =B20+C20+D20 -> 12
A21: 2022Q2 | B21: =DHIS2_Raw_Data!K53 -> 4 | C21: =DHIS2_Raw_Data!K54 -> 4 | D21: =DHIS2_Raw_Data!K55 -> 4 | E21: =B21+C21+D21 -> 12
A22: 2022Q3 | B22: =DHIS2_Raw_Data!K56 -> 4 | C22: =DHIS2_Raw_Data!K57 -> 3 | D22: =DHIS2_Raw_Data!K58 -> 3 | E22: =B22+C22+D22 -> 10
A23: 2022Q4 | B23: =DHIS2_Raw_Data!K59 -> 6 | C23: =DHIS2_Raw_Data!K60 -> 3 | D23: =DHIS2_Raw_Data!K61 -> 6 | E23: =B23+C23+D23 -> 15
A24: 2023Q1 | B24: =DHIS2_Raw_Data!K62 -> 5 | C24: =DHIS2_Raw_Data!K63 -> 2 | D24: =DHIS2_Raw_Data!K64 -> 3 | E24: =B24+C24+D24 -> 10
A25: 2023Q2 | B25: =DHIS2_Raw_Data!K65 -> 4 | C25: =DHIS2_Raw_Data!K66 -> 2 | D25: =DHIS2_Raw_Data!K67 -> 5 | E25: =B25+C25+D25 -> 11
A26: 2023Q3 | B26: =DHIS2_Raw_Data!K68 -> 5 | C26: =DHIS2_Raw_Data!K69 -> 4 | D26: =DHIS2_Raw_Data!K70 -> 5 | E26: =B26+C26+D26 -> 14
A27: 2023Q4 | B27: =DHIS2_Raw_Data!K71 -> 4 | C27: =DHIS2_Raw_Data!K72 -> 2 | D27: =DHIS2_Raw_Data!K73 -> 5 | E27: =B27+C27+D27 -> 11
A28: 2024Q1 | B28: =DHIS2_Raw_Data!K74 -> 3 | C28: =DHIS2_Raw_Data!K75 -> 4 | D28: =DHIS2_Raw_Data!K76 -> 7 | E28: =B28+C28+D28 -> 14
A29: 2024Q2 | B29: =DHIS2_Raw_Data!K77 -> 4 | C29: =DHIS2_Raw_Data!K78 -> 3 | D29: =DHIS2_Raw_Data!K79 -> 5 | E29: =B29+C29+D29 -> 12
A30: 2024Q3 | B30: =DHIS2_Raw_Data!K80 -> 4 | C30: =DHIS2_Raw_Data!K81 -> 3 | D30: =DHIS2_Raw_Data!K82 -> 4 | E30: =B30+C30+D30 -> 11
A31: 2024Q4 | B31: =DHIS2_Raw_Data!K83 -> 3 | C31: =DHIS2_Raw_Data!K84 -> 2 | D31: =DHIS2_Raw_Data!K85 -> 3 | E31: =B31+C31+D31 -> 8

Sheet Dropout_Rate
A1: OPV1 → OPV3 DROPOUT RATE (2018–2024)
A2: Dropout = (OPV1 – OPV3) / OPV1 | Target: < 10%
A4: Period | B4: Accra Dropout | C4: Kumasi Dropout | D4: Tamale Dropout
A5: 2018Q1 | B5: =(DHIS2_Raw_Data!H2-DHIS2_Raw_Data!J2)/DHIS2_Raw_Data!H2 -> 0.11857623 | C5: =(DHIS2_Raw_Data!H3-DHIS2_Raw_Data!J3)/DHIS2_Raw_Data!H3 -> 0.14772933 | D5: =(DHIS2_Raw_Data!H4-DHIS2_Raw_Data!J4)/DHIS2_Raw_Data!H4 -> 0.10972901
A6: 2018Q2 | B6: =(DHIS2_Raw_Data!H5-DHIS2_Raw_Data!J5)/DHIS2_Raw_Data!H5 -> 0.1025641 | C6: =(DHIS2_Raw_Data!H6-DHIS2_Raw_Data!J6)/DHIS2_Raw_Data!H6 -> 0.10378217 | D6: =(DHIS2_Raw_Data!H7-DHIS2_Raw_Data!J7)/DHIS2_Raw_Data!H7 -> 0.10468493
A7: 2018Q3 | B7: =(DHIS2_Raw_Data!H8-DHIS2_Raw_Data!J8)/DHIS2_Raw_Data!H8 -> 0.082101095 | C7: =(DHIS2_Raw_Data!H9-DHIS2_Raw_Data!J9)/DHIS2_Raw_Data!H9 -> 0.098762568 | D7: =(DHIS2_Raw_Data!H10-DHIS2_Raw_Data!J10)/DHIS2_Raw_Data!H10 -> 0.12887857
A8: 2018Q4 | B8: =(DHIS2_Raw_Data!H11-DHIS2_Raw_Data!J11)/DHIS2_Raw_Data!H11 -> 0.11619022 | C8: =(DHIS2_Raw_Data!H12-DHIS2_Raw_Data!J12)/DHIS2_Raw_Data!H12 -> 0.10295868 | D8: =(DHIS2_Raw_Data!H13-DHIS2_Raw_Data!J13)/DHIS2_Raw_Data!H13 -> 0.10287625
A9: 2019Q1 | B9: =(DHIS2_Raw_Data!H14-DHIS2_Raw_Data!J14)/DHIS2_Raw_Data!H14 -> 0.092410376 | C9: =(DHIS2_Raw_Data!H15-DHIS2_Raw_Data!J15)/DHIS2_Raw_Data!H15 -> 0.10323671 | D9: =(DHIS2_Raw_Data!H16-DHIS2_Raw_Data!J16)/DHIS2_Raw_Data!H16 -> 0.12244334
A10: 2019Q2 | B10: =(DHIS2_Raw_Data!H17-DHIS2_Raw_Data!J17)/DHIS2_Raw_Data!H17 -> 0.13350297 | C10: =(DHIS2_Raw_Data!H18-DHIS2_Raw_Data!J18)/DHIS2_Raw_Data!H18 -> 0.13441015 | D10: =(DHIS2_Raw_Data!H19-DHIS2_Raw_Data!J19)/DHIS2_Raw_Data!H19 -> 0.10202185
A11: 2019Q3 | B11: =(DHIS2_Raw_Data!H20-DHIS2_Raw_Data!J20)/DHIS2_Raw_Data!H20 -> 0.14095775 | C11: =(DHIS2_Raw_Data!H21-DHIS2_Raw_Data!J21)/DHIS2_Raw_Data!H21 -> 0.11505239 | D11: =(DHIS2_Raw_Data!H22-DHIS2_Raw_Data!J22)/DHIS2_Raw_Data!H22 -> 0.11508537
A12: 2019Q4 | B12: =(DHIS2_Raw_Data!H23-DHIS2_Raw_Data!J23)/DHIS2_Raw_Data!H23 -> 0.095309102 | C12: =(DHIS2_Raw_Data!H24-DHIS2_Raw_Data!J24)/DHIS2_Raw_Data!H24 -> 0.14689898 | D12: =(DHIS2_Raw_Data!H25-DHIS2_Raw_Data!J25)/DHIS2_Raw_Data!H25 -> 0.12733072
A13: 2020Q1 | B13: =(DHIS2_Raw_Data!H26-DHIS2_Raw_Data!J26)/DHIS2_Raw_Data!H26 -> 0.1218629 | C13: =(DHIS2_Raw_Data!H27-DHIS2_Raw_Data!J27)/DHIS2_Raw_Data!H27 -> 0.12196508 | D13: =(DHIS2_Raw_Data!H28-DHIS2_Raw_Data!J28)/DHIS2_Raw_Data!H28 -> 0.097222222
A14: 2020Q2 | B14: =(DHIS2_Raw_Data!H29-DHIS2_Raw_Data!J29)/DHIS2_Raw_Data!H29 -> 0.14893617 | C14: =(DHIS2_Raw_Data!H30-DHIS2_Raw_Data!J30)/DHIS2_Raw_Data!H30 -> 0.099044118 | D14: =(DHIS2_Raw_Data!H31-DHIS2_Raw_Data!J31)/DHIS2_Raw_Data!H31 -> 0.15778453
A15: 2020Q3 | B15: =(DHIS2_Raw_Data!H32-DHIS2_Raw_Data!J32)/DHIS2_Raw_Data!H32 -> 0.14155817 | C15: =(DHIS2_Raw_Data!H33-DHIS2_Raw_Data!J33)/DHIS2_Raw_Data!H33 -> 0.11743366 | D15: =(DHIS2_Raw_Data!H34-DHIS2_Raw_Data!J34)/DHIS2_Raw_Data!H34 -> 0.090400081
A16: 2020Q4 | B16: =(DHIS2_Raw_Data!H35-DHIS2_Raw_Data!J35)/DHIS2_Raw_Data!H35 -> 0.095049626 | C16: =(DHIS2_Raw_Data!H36-DHIS2_Raw_Data!J36)/DHIS2_Raw_Data!H36 -> 0.10385523 | D16: =(DHIS2_Raw_Data!H37-DHIS2_Raw_Data!J37)/DHIS2_Raw_Data!H37 -> 0.1162214
A17: 2021Q1 | B17: =(DHIS2_Raw_Data!H38-DHIS2_Raw_Data!J38)/DHIS2_Raw_Data!H38 -> 0.14446794 | C17: =(DHIS2_Raw_Data!H39-DHIS2_Raw_Data!J39)/DHIS2_Raw_Data!H39 -> 0.13216027 | D17: =(DHIS2_Raw_Data!H40-DHIS2_Raw_Data!J40)/DHIS2_Raw_Data!H40 -> 0.10463141
A18: 2021Q2 | B18: =(DHIS2_Raw_Data!H41-DHIS2_Raw_Data!J41)/DHIS2_Raw_Data!H41 -> 0.13232813 | C18: =(DHIS2_Raw_Data!H42-DHIS2_Raw_Data!J42)/DHIS2_Raw_Data!H42 -> 0.15254016 | D18: =(DHIS2_Raw_Data!H43-DHIS2_Raw_Data!J43)/DHIS2_Raw_Data!H43 -> 0.12110489
A19: 2021Q3 | B19: =(DHIS2_Raw_Data!H44-DHIS2_Raw_Data!J44)/DHIS2_Raw_Data!H44 -> 0.14985535 | C19: =(DHIS2_Raw_Data!H45-DHIS2_Raw_Data!J45)/DHIS2_Raw_Data!H45 -> 0.10376118 | D19: =(DHIS2_Raw_Data!H46-DHIS2_Raw_Data!J46)/DHIS2_Raw_Data!H46 -> 0.12893597
A20: 2021Q4 | B20: =(DHIS2_Raw_Data!H47-DHIS2_Raw_Data!J47)/DHIS2_Raw_Data!H47 -> 0.14655644 | C20: =(DHIS2_Raw_Data!H48-DHIS2_Raw_Data!J48)/DHIS2_Raw_Data!H48 -> 0.10887676 | D20: =(DHIS2_Raw_Data!H49-DHIS2_Raw_Data!J49)/DHIS2_Raw_Data!H49 -> 0.11304348
A21: 2022Q1 | B21: =(DHIS2_Raw_Data!H50-DHIS2_Raw_Data!J50)/DHIS2_Raw_Data!H50 -> 0.11786141 | C21: =(DHIS2_Raw_Data!H51-DHIS2_Raw_Data!J51)/DHIS2_Raw_Data!H51 -> 0.11203475 | D21: =(DHIS2_Raw_Data!H52-DHIS2_Raw_Data!J52)/DHIS2_Raw_Data!H52 -> 0.12022862
A22: 2022Q2 | B22: =(DHIS2_Raw_Data!H53-DHIS2_Raw_Data!J53)/DHIS2_Raw_Data!H53 -> 0.10995637 | C22: =(DHIS2_Raw_Data!H54-DHIS2_Raw_Data!J54)/DHIS2_Raw_Data!H54 -> 0.11435791 | D22: =(DHIS2_Raw_Data!H55-DHIS2_Raw_Data!J55)/DHIS2_Raw_Data!H55 -> 0.14076195
A23: 2022Q3 | B23: =(DHIS2_Raw_Data!H56-DHIS2_Raw_Data!J56)/DHIS2_Raw_Data!H56 -> 0.11662128 | C23: =(DHIS2_Raw_Data!H57-DHIS2_Raw_Data!J57)/DHIS2_Raw_Data!H57 -> 0.11549921 | D23: =(DHIS2_Raw_Data!H58-DHIS2_Raw_Data!J58)/DHIS2_Raw_Data!H58 -> 0.12029944
A24: 2022Q4 | B24: =(DHIS2_Raw_Data!H59-DHIS2_Raw_Data!J59)/DHIS2_Raw_Data!H59 -> 0.11966806 | C24: =(DHIS2_Raw_Data!H60-DHIS2_Raw_Data!J60)/DHIS2_Raw_Data!H60 -> 0.11805999 | D24: =(DHIS2_Raw_Data!H61-DHIS2_Raw_Data!J61)/DHIS2_Raw_Data!H61 -> 0.13766186
A25: 2023Q1 | B25: =(DHIS2_Raw_Data!H62-DHIS2_Raw_Data!J62)/DHIS2_Raw_Data!H62 -> 0.12022125 | C25: =(DHIS2_Raw_Data!H63-DHIS2_Raw_Data!J63)/DHIS2_Raw_Data!H63 -> 0.13748091 | D25: =(DHIS2_Raw_Data!H64-DHIS2_Raw_Data!J64)/DHIS2_Raw_Data!H64 -> 0.092656631
A26: 2023Q2 | B26: =(DHIS2_Raw_Data!H65-DHIS2_Raw_Data!J65)/DHIS2_Raw_Data!H65 -> 0.085447929 | C26: =(DHIS2_Raw_Data!H66-DHIS2_Raw_Data!J66)/DHIS2_Raw_Data!H66 -> 0.10065934 | D26: =(DHIS2_Raw_Data!H67-DHIS2_Raw_Data!J67)/DHIS2_Raw_Data!H67 -> 0.1108547
A27: 2023Q3 | B27: =(DHIS2_Raw_Data!H68-DHIS2_Raw_Data!J68)/DHIS2_Raw_Data!H68 -> 0.13703035 | C27: =(DHIS2_Raw_Data!H69-DHIS2_Raw_Data!J69)/DHIS2_Raw_Data!H69 -> 0.14588571 | D27: =(DHIS2_Raw_Data!H70-DHIS2_Raw_Data!J70)/DHIS2_Raw_Data!H70 -> 0.10127409
A28: 2023Q4 | B28: =(DHIS2_Raw_Data!H71-DHIS2_Raw_Data!J71)/DHIS2_Raw_Data!H71 -> 0.11163514 | C28: =(DHIS2_Raw_Data!H72-DHIS2_Raw_Data!J72)/DHIS2_Raw_Data!H72 -> 0.083263364 | D28: =(DHIS2_Raw_Data!H73-DHIS2_Raw_Data!J73)/DHIS2_Raw_Data!H73 -> 0.11233967
A29: 2024Q1 | B29: =(DHIS2_Raw_Data!H74-DHIS2_Raw_Data!J74)/DHIS2_Raw_Data!H74 -> 0.092757645 | C29: =(DHIS2_Raw_Data!H75-DHIS2_Raw_Data!J75)/DHIS2_Raw_Data!H75 -> 0.14316758 | D29: =(DHIS2_Raw_Data!H76-DHIS2_Raw_Data!J76)/DHIS2_Raw_Data!H76 -> 0.10447761
A30: 2024Q2 | B30: =(DHIS2_Raw_Data!H77-DHIS2_Raw_Data!J77)/DHIS2_Raw_Data!H77 -> 0.096037798 | C30: =(DHIS2_Raw_Data!H78-DHIS2_Raw_Data!J78)/DHIS2_Raw_Data!H78 -> 0.1499494 | D30: =(DHIS2_Raw_Data!H79-DHIS2_Raw_Data!J79)/DHIS2_Raw_Data!H79 -> 0.11767996
A31: 2024Q3 | B31: =(DHIS2_Raw_Data!H80-DHIS2_Raw_Data!J80)/DHIS2_Raw_Data!H80 -> 0.14738368 | C31: =(DHIS2_Raw_Data!H81-DHIS2_Raw_Data!J81)/DHIS2_Raw_Data!H81 -> 0.096527502 | D31: =(DHIS2_Raw_Data!H82-DHIS2_Raw_Data!J82)/DHIS2_Raw_Data!H82 -> 0.11206961
A32: 2024Q4 | B32: =(DHIS2_Raw_Data!H83-DHIS2_Raw_Data!J83)/DHIS2_Raw_Data!H83 -> 0.13239587 | C32: =(DHIS2_Raw_Data!H84-DHIS2_Raw_Data!J84)/DHIS2_Raw_Data!H84 -> 0.090961026 | D32: =(DHIS2_Raw_Data!H85-DHIS2_Raw_Data!J85)/DHIS2_Raw_Data!H85 -> 0.10501802

Sheet Zero_Dose_Children
A1: ZERO-DOSE CHILDREN TRACKER (2018–2024)
A3: Period | B3: Accra | C3: Kumasi | D3: Tamale | E3: District Total
A4: 2018Q1 | B4: =DHIS2_Raw_Data!L2 -> 1984 | C4: =DHIS2_Raw_Data!L3 -> 1255 | D4: =DHIS2_Raw_Data!L4 -> 594 | E4: =B4+C4+D4 -> 3833
A5: 2018Q2 | B5: =DHIS2_Raw_Data!L5 -> 865 | C5: =DHIS2_Raw_Data!L6 -> 1057 | D5: =DHIS2_Raw_Data!L7 -> 513 | E5: =B5+C5+D5 -> 2435
A6: 2018Q3 | B6: =DHIS2_Raw_Data!L8 -> 1367 | C6: =DHIS2_Raw_Data!L9 -> 689 | D6: =DHIS2_Raw_Data!L10 -> 1033 | E6: =B6+C6+D6 -> 3089
A7: 2018Q4 | B7: =DHIS2_Raw_Data!L11 -> 1169 | C7: =DHIS2_Raw_Data!L12 -> 1196 | D7: =DHIS2_Raw_Data!L13 -> 829 | E7: =B7+C7+D7 -> 3194
A8: 2019Q1 | B8: =DHIS2_Raw_Data!L14 -> 812 | C8: =DHIS2_Raw_Data!L15 -> 1318 | D8: =DHIS2_Raw_Data!L16 -> 1072 | E8: =B8+C8+D8 -> 3202
A9: 2019Q2 | B9: =DHIS2_Raw_Data!L17 -> 745 | C9: =DHIS2_Raw_Data!L18 -> 1630 | D9: =DHIS2_Raw_Data!L19 -> 938 | E9: =B9+C9+D9 -> 3313
A10: 2019Q3 | B10: =DHIS2_Raw_Data!L20 -> 1878 | C10: =DHIS2_Raw_Data!L21 -> 690 | D10: =DHIS2_Raw_Data!L22 -> 1252 | E10: =B10+C10+D10 -> 3820
A11: 2019Q4 | B11: =DHIS2_Raw_Data!L23 -> 1323 | C11: =DHIS2_Raw_Data!L24 -> 1332 | D11: =DHIS2_Raw_Data!L25 -> 471 | E11: =B11+C11+D11 -> 3126
A12: 2020Q1 | B12: =DHIS2_Raw_Data!L26 -> 2133 | C12: =DHIS2_Raw_Data!L27 -> 1458 | D12: =DHIS2_Raw_Data!L28 -> 545 | E12: =B12+C12+D12 -> 4136
A13: 2020Q2 | B13: =DHIS2_Raw_Data!L29 -> 955 | C13: =DHIS2_Raw_Data!L30 -> 1288 | D13: =DHIS2_Raw_Data!L31 -> 652 | E13: =B13+C13+D13 -> 2895
A14: 2020Q3 | B14: =DHIS2_Raw_Data!L32 -> 2216 | C14: =DHIS2_Raw_Data!L33 -> 1583 | D14: =DHIS2_Raw_Data!L34 -> 1150 | E14: =B14+C14+D14 -> 4949
A15: 2020Q4 | B15: =DHIS2_Raw_Data!L35 -> 1475 | C15: =DHIS2_Raw_Data!L36 -> 1312 | D15: =DHIS2_Raw_Data!L37 -> 1333 | E15: =B15+C15+D15 -> 4120
A16: 2021Q1 | B16: =DHIS2_Raw_Data!L38 -> 1433 | C16: =DHIS2_Raw_Data!L39 -> 1243 | D16: =DHIS2_Raw_Data!L40 -> 1208 | E16: =B16+C16+D16 -> 3884
A17: 2021Q2 | B17: =DHIS2_Raw_Data!L41 -> 1203 | C17: =DHIS2_Raw_Data!L42 -> 956 | D17: =DHIS2_Raw_Data!L43 -> 1282 | E17: =B17+C17+D17 -> 3441
A18: 2021Q3 | B18: =DHIS2_Raw_Data!L44 -> 1688 | C18: =DHIS2_Raw_Data!L45 -> 1808 | D18: =DHIS2_Raw_Data!L46 -> 733 | E18: =B18+C18+D18 -> 4229
A19: 2021Q4 | B19: =DHIS2_Raw_Data!L47 -> 2054 | C19: =DHIS2_Raw_Data!L48 -> 1642 | D19: =DHIS2_Raw_Data!L49 -> 1185 | E19: =B19+C19+D19 -> 4881
A20: 2022Q1 | B20: =DHIS2_Raw_Data!L50 -> 1100 | C20: =DHIS2_Raw_Data!L51 -> 1155 | D20: =DHIS2_Raw_Data!L52 -> 1379 | E20: =B20+C20+D20 -> 3634
A21: 2022Q2 | B21: =DHIS2_Raw_Data!L53 -> 2294 | C21: =DHIS2_Raw_Data!L54 -> 1265 | D21: =DHIS2_Raw_Data!L55 -> 1228 | E21: =B21+C21+D21 -> 4787
A22: 2022Q3 | B22: =DHIS2_Raw_Data!L56 -> 2046 | C22: =DHIS2_Raw_Data!L57 -> 880 | D22: =DHIS2_Raw_Data!L58 -> 470 | E22: =B22+C22+D22 -> 3396
A23: 2022Q4 | B23: =DHIS2_Raw_Data!L59 -> 1793 | C23: =DHIS2_Raw_Data!L60 -> 1309 | D23: =DHIS2_Raw_Data!L61 -> 606 | E23: =B23+C23+D23 -> 3708
A24: 2023Q1 | B24: =DHIS2_Raw_Data!L62 -> 1726 | C24: =DHIS2_Raw_Data!L63 -> 1785 | D24: =DHIS2_Raw_Data!L64 -> 984 | E24: =B24+C24+D24 -> 4495
A25: 2023Q2 | B25: =DHIS2_Raw_Data!L65 -> 2224 | C25: =DHIS2_Raw_Data!L66 -> 1819 | D25: =DHIS2_Raw_Data!L67 -> 946 | E25: =B25+C25+D25 -> 4989
A26: 2023Q3 | B26: =DHIS2_Raw_Data!L68 -> 1605 | C26: =DHIS2_Raw_Data!L69 -> 1061 | D26: =DHIS2_Raw_Data!L70 -> 1147 | E26: =B26+C26+D26 -> 3813
A27: 2023Q4 | B27: =DHIS2_Raw_Data!L71 -> 2283 | C27: =DHIS2_Raw_Data!L72 -> 1005 | D27: =DHIS2_Raw_Data!L73 -> 930 | E27: =B27+C27+D27 -> 4218
A28: 2024Q1 | B28: =DHIS2_Raw_Data!L74 -> 908 | C28: =DHIS2_Raw_Data!L75 -> 1090 | D28: =DHIS2_Raw_Data!L76 -> 1206 | E28: =B28+C28+D28 -> 3204
A29: 2024Q2 | B29: =DHIS2_Raw_Data!L77 -> 1943 | C29: =DHIS2_Raw_Data!L78 -> 1387 | D29: =DHIS2_Raw_Data!L79 -> 1161 | E29: =B29+C29+D29 -> 4491
A30: 2024Q3 | B30: =DHIS2_Raw_Data!L80 -> 2273 | C30: =DHIS2_Raw_Data!L81 -> 1576 | D30: =DHIS2_Raw_Data!L82 -> 813 | E30: =B30+C30+D30 -> 4662
A31: 2024Q4 | B31: =DHIS2_Raw_Data!L83 -> 1565 | C31: =DHIS2_Raw_Data!L84 -> 1627 | D31: =DHIS2_Raw_Data!L85 -> 1045 | E31: =B31+C31+D31 -> 4237
